{"ogrenciDersKodu":"101","ogrenciBolum":"Bilgisayar Mühendislik","ogrenciDersler":"Edebiyat","ogrenciNo":23342344307,"ogrenciSoyad":"Tepebaş","ogrenciAd":"Kader"}
{"ogrenciDersKodu":"101","ogrenciBolum":"Bilgisayar Mühendislik","ogrenciDersler":"Edebiyat","ogrenciNo":34243242342,"ogrenciSoyad":"Çetinkaya","ogrenciAd":"Yade"}
{"ogrenciDersKodu":"101","ogrenciBolum":"Bilgisayar Mühendislik","ogrenciDersler":"Edebiyat","ogrenciNo":43254355435,"ogrenciSoyad":"Aydın","ogrenciAd":"Volkan"}
{"ogrenciDersKodu":"101","ogrenciBolum":"Bilgisayar Mühendislik","ogrenciDersler":"Edebiyat","ogrenciNo":65756756767,"ogrenciSoyad":"Yılmaz","ogrenciAd":"Beril"}
